{"cameraMode":{"drawMode":0,"name":"Shaded","section":"Shading Mode"},"sceneLighting":false,"audioPlay":false,"sceneViewState":{"m_AlwaysRefresh":false,"showFog":true,"showSkybox":false,"showFlares":true,"showImageEffects":true,"showParticleSystems":true,"showVisualEffectGraphs":true,"m_FxEnabled":true},"in2DMode":false,"pivot":{"x":9.5367431640625e-7,"y":-0.0031888484954833986,"z":31.700000762939454},"rotation":{"x":0.23571395874023438,"y":0.44240349531173708,"z":-0.12173092365264893,"w":0.8567027449607849},"size":14.508624076843262,"orthographic":true}