{"cameraMode":{"drawMode":0,"name":"Shaded","section":"Shading Mode"},"sceneLighting":false,"audioPlay":false,"sceneViewState":{"m_AlwaysRefresh":false,"showFog":true,"showSkybox":false,"showFlares":true,"showImageEffects":true,"showParticleSystems":true,"showVisualEffectGraphs":true,"m_FxEnabled":true},"in2DMode":false,"pivot":{"x":9.5367431640625e-7,"y":-0.010499894618988037,"z":31.700000762939454},"rotation":{"x":-0.19894039630889893,"y":0.4723275303840637,"z":-0.11034691333770752,"w":-0.8515770435333252},"size":14.188519477844239,"orthographic":true}