{"cameraMode":{"drawMode":0,"name":"Shaded","section":"Shading Mode"},"sceneLighting":false,"audioPlay":false,"sceneViewState":{"m_AlwaysRefresh":false,"showFog":true,"showSkybox":false,"showFlares":true,"showImageEffects":true,"showParticleSystems":true,"showVisualEffectGraphs":true,"m_FxEnabled":true},"in2DMode":false,"pivot":{"x":9.5367431640625e-7,"y":-0.36299991607666018,"z":31.700000762939454},"rotation":{"x":-0.1655140221118927,"y":0.19041889905929566,"z":-0.032591577619314197,"w":-0.9671157002449036},"size":13.848184585571289,"orthographic":true}