{"cameraMode":{"drawMode":0,"name":"Shaded","section":"Shading Mode"},"sceneLighting":false,"audioPlay":false,"sceneViewState":{"showFog":true,"showMaterialUpdate":false,"showSkybox":true,"showFlares":true,"showImageEffects":true,"showParticleSystems":true},"in2DMode":false,"pivot":{"x":9.5367431640625e-7,"y":-0.507999837398529,"z":31.450000762939454},"rotation":{"x":-0.003244765568524599,"y":0.9887116551399231,"z":-0.1482243537902832,"w":-0.021640975028276445},"size":113.96207427978516,"orthographic":false}