{"cameraMode":{"drawMode":0,"name":"Shaded","section":"Shading Mode"},"sceneLighting":true,"audioPlay":false,"sceneViewState":{"showFog":true,"showMaterialUpdate":false,"showSkybox":true,"showFlares":true,"showImageEffects":true,"showParticleSystems":true},"in2DMode":false,"pivot":{"x":0.0,"y":5.499999046325684,"z":681.7930908203125},"rotation":{"x":-0.043838679790496829,"y":0.9038475155830383,"z":-0.09553711861371994,"w":-0.41474151611328127},"size":107.80651092529297,"orthographic":false}