{"cameraMode":{"drawMode":0,"name":"Shaded","section":"Shading Mode"},"sceneLighting":false,"audioPlay":false,"sceneViewState":{"showFog":true,"showMaterialUpdate":false,"showSkybox":true,"showFlares":true,"showImageEffects":true,"showParticleSystems":true},"in2DMode":false,"pivot":{"x":9.5367431640625e-7,"y":-0.507999837398529,"z":31.450000762939454},"rotation":{"x":-0.22144807875156403,"y":0.06519423425197602,"z":-0.014838945120573044,"w":-0.9728773236274719},"size":7.300398349761963,"orthographic":false}