{"cameraMode":{"drawMode":0,"name":"Shaded","section":"Shading Mode"},"sceneLighting":false,"audioPlay":false,"sceneViewState":{"showFog":true,"showMaterialUpdate":false,"showSkybox":true,"showFlares":true,"showImageEffects":true,"showParticleSystems":true},"in2DMode":false,"pivot":{"x":9.5367431640625e-7,"y":-0.507999837398529,"z":31.450000762939454},"rotation":{"x":-0.2079167366027832,"y":-0.4633346498012543,"z":0.11280151456594467,"w":-0.8540301322937012},"size":113.96207427978516,"orthographic":false}