{"cameraMode":{"drawMode":0,"name":"Shaded","section":"Shading Mode"},"sceneLighting":true,"audioPlay":false,"sceneViewState":{"m_AlwaysRefresh":false,"showFog":true,"showSkybox":true,"showFlares":true,"showImageEffects":true,"showParticleSystems":true,"showVisualEffectGraphs":true,"m_FxEnabled":true},"in2DMode":false,"pivot":{"x":-1.5853281021118165,"y":-1.3061513900756837,"z":43.487022399902347},"rotation":{"x":0.37146449089050295,"y":0.3031187355518341,"z":-0.12973113358020783,"w":0.8679322600364685},"size":11.796638488769532,"orthographic":false}